site,scenario,target_latitude,target_longitude,model_latitude,model_longitude,CR_physics,CR_bio,CR_teredo,CR_total,rate_scale,physics_pct,bio_pct,teredo_pct
Baltic,Steel,56.5,18.0,56.5,18.0,0.0001265209181681155,7.856540375881172e-08,0.0,0.00012660024633545408,0.11137816599210583,99.9373396421928,0.062057860101343,0.0
Baltic,Wood_none,56.5,18.0,56.5,18.0,0.001,0.00018879691655388333,0.0,0.0011887969165538833,0.6740912813933497,84.11865694426825,15.88134305573175,0.0
Baltic,Wood_high,56.5,18.0,56.5,18.0,0.001,0.00018879691655388333,0.0003029163066463051,0.0015039875875835088,0.780346220571977,66.4899104391362,12.55309007285277,20.140878099466743
Danish Straits,Steel,56.3,11.5,56.33333206176758,11.5,0.0017342070749442385,3.4483936108803507e-07,0.0,0.001734749643832869,0.8490391666766864,99.96872350482622,0.019878335892095905,0.0
Danish Straits,Wood_none,56.3,11.5,56.33333206176758,11.5,0.0025226428227718323,0.0006690300237812773,0.0,0.003157834792642253,1.167652534331572,79.88520579510947,21.186352919415402,0.0
Danish Straits,Wood_high,56.3,11.5,56.33333206176758,11.5,0.0025226428227718323,0.0006690300237812773,0.013343875993167675,0.016501710785809927,2.2093179014413358,15.287159346781737,4.054307050130744,80.86359145648267
Jutland shelf,Steel,56.4,6.4,56.41666793823242,6.416666507720947,0.001716777271702981,2.863896707113855e-07,0.0,0.0017171024892361024,0.8440175420369834,99.98106009774254,0.016678659107808608,0.0
Jutland shelf,Wood_none,56.4,6.4,56.41666793823242,6.416666507720947,0.002536248745726375,0.0006351618615198453,0.0,0.0031550517605163607,1.1671517947204635,80.38691401092224,20.131582925786734,0.0
Jutland shelf,Wood_high,56.4,6.4,56.41666793823242,6.416666507720947,0.002536248745726375,0.0006351618615198453,0.011960954430928854,0.015205243618010508,2.1545786029137286,16.680092798527777,4.177255409229356,78.66335279732832
Southern North Sea,Steel,54.8,6.5,54.83333206176758,6.5,0.0015466649167364779,4.588348803824776e-07,0.0,0.0015471237516168604,0.793709734763133,99.97034271628867,0.029657283711335997,0.0
Southern North Sea,Wood_none,54.8,6.5,54.83333206176758,6.5,0.003071340816531839,0.0010783425875314377,0.0,0.004149683404063277,1.3265641296091482,74.01385882895188,25.986141171048104,0.0
Southern North Sea,Wood_high,54.8,6.5,54.83333206176758,6.5,0.003071340816531839,0.0010783425875314377,0.015431759055634204,0.01958144245969748,2.3243961207192396,15.684956932326472,5.506961960289097,78.80808110738444
Norwegian trench,Steel,57.35,7.7,57.33333206176758,7.666666507720947,0.0031506401331782667,6.82052368582305e-07,0.0,0.0031514794612647525,1.1665085200667011,99.97336717256762,0.021642291405211428,0.0
Norwegian trench,Wood_none,57.35,7.7,57.33333206176758,7.666666507720947,0.00498094091728884,0.000971019862528574,0.0,0.005951960779817414,1.5464394486000514,83.6857147005871,16.314285299412905,0.0
Norwegian trench,Wood_high,57.35,7.7,57.33333206176758,7.666666507720947,0.00498094091728884,0.000971019862528574,0.013978597570624623,0.019278758036878126,2.31388820920547,25.83642010424558,5.036734527561997,72.50777017837517
Baltic entrance,Steel,55.0,13.0,55.0,13.0,0.0004675995548291724,1.9607219483504619e-07,0.0,0.00046780552209285453,0.34513246071720866,99.95597160487532,0.04191318519667407,0.0
Baltic entrance,Wood_none,55.0,13.0,55.0,13.0,0.001778218752661519,0.0004317011043813008,0.0,0.00220991985704282,0.9722581380911837,80.46530497449908,19.53469502550092,0.0
Baltic entrance,Wood_high,55.0,13.0,55.0,13.0,0.001778218752661519,0.0004317011043813008,0.0028771565225822063,0.005205692453818935,1.4635932706322514,34.15912039438681,8.292866092475395,55.2694295351909
