parameter,value,scenario,median_ratio,p05_ratio,p25_ratio,p75_ratio,p95_ratio,min_ratio,max_ratio
Ea,30000.0,steel_none,1.2579236811469003,1.1467679640702353,1.199162548420395,1.406748004126679,1.4854258119273667,1.1132556282324813,1.5303058413832018
Ea,40000.0,steel_none,1.1242384471573046,1.0724227897434506,1.097293575067,1.1891411349256085,1.2214431334544957,1.0561618276847171,1.2392956024049928
Ea,50000.0,steel_none,1.0,1.0,1.0,1.0,1.0,1.0,1.0
Ea,60000.0,steel_none,0.8854966227874271,0.8156584857638233,0.8373523473171322,0.9077001535497863,0.9297151715382215,0.8044627933354856,0.9448584799877574
Ea,70000.0,steel_none,0.7804675459746989,0.6631349673013641,0.6987009951529224,0.8204806699523562,0.8617652974853351,0.6455324487073288,0.8908295955939127
U_current_ref,0.15,steel_none,1.361327885017775,1.1121543793060444,1.2506799568689555,1.5250463715589067,1.7314863250586678,1.0,1.7948363803104448
U_current_ref,0.3,steel_none,1.0,1.0,1.0,1.0,1.0,1.0,1.0
U_current_ref,0.6,steel_none,0.7588692712337952,0.6050833416181778,0.6932012110845017,0.8547251676708164,1.0,0.5553743651518999,1.0
U_wave_ref,0.15,steel_none,1.0669672447647824,1.0,1.0014793458352307,1.148438985316598,1.251847581598207,1.0,1.565631717379861
U_wave_ref,0.3,steel_none,1.0,1.0,1.0,1.0,1.0,1.0,1.0
U_wave_ref,0.6,steel_none,0.9650372981592785,0.8250721431365028,0.9069101638791156,0.9993935985245691,1.0,0.6715209648137224,1.0
hydro_interaction_strength,0.0,steel_none,1.0,1.0,1.0,1.0,1.0,1.0,1.0
hydro_interaction_strength,0.1,steel_none,1.0000986232544498,1.0,1.000002112684453,1.000398148554628,1.001538206478039,1.0,1.0056164685129312
hydro_interaction_strength,0.25,steel_none,1.000246543916172,1.0,1.0000052816987384,1.0009950485228738,1.0038393806035166,1.0,1.013919469933896
hydro_interaction_strength,0.5,steel_none,1.0004930404422214,1.0,1.0000105633561638,1.001989022073438,1.0076614615023611,1.0,1.0274454601142033
hydro_interaction_strength,1.0,steel_none,1.000985891396801,1.0,1.0000211265470813,1.0039737535306328,1.0152301503221748,1.0,1.0534018075699516
S_mid_corr,8.0,steel_none,1.011598126717879,1.005418291103168,1.0067476114735316,1.3018258900117177,1.3693490003711706,1.0045880061418482,1.4277388168216498
S_mid_corr,10.0,steel_none,1.006715047984431,1.003147556905338,1.0039180440446103,1.1525918831842221,1.181786281261702,1.0026656955549356,1.2042264743430309
S_mid_corr,12.0,steel_none,1.0,1.0,1.0,1.0,1.0,1.0,1.0
S_mid_corr,14.0,steel_none,0.9907966640635425,0.8326292903871897,0.8517010859432627,0.9945915388403113,0.99564741392045,0.8221454812185819,0.9963125982336529
S_mid_corr,16.0,steel_none,0.978303949439082,0.6860685633695269,0.7145894442123215,0.9871584747578175,0.9896504426608729,0.6736360404678134,0.9912292804570902
burial_alpha,0.4,wood_none,0.967072755682921,0.9184204577546387,0.9358579120754069,0.9905327570812535,1.0,0.906480217999299,1.0
burial_alpha,0.7,wood_none,1.0,1.0,1.0,1.0,1.0,1.0,1.0
burial_alpha,1.0,wood_none,1.030505286299505,1.0,1.0097566309552413,1.044738582302771,1.055627228304655,1.0,1.0640125317486702
burial_alpha,1.3,wood_none,1.0568869203430713,1.0,1.0175117686366708,1.0765512130676071,1.0949413469563316,1.0,1.1126727951707356
burial_strength,0.25,wood_none,1.0860973471630662,1.0,1.0385047857482488,1.152120599879318,1.2091985580089954,1.0,1.2435575076612486
burial_strength,0.5,wood_none,1.0,1.0,1.0,1.0,1.0,1.0,1.0
burial_strength,0.75,wood_none,0.937046580654306,0.7414296569072113,0.8305873949341757,0.9930020727697108,1.0,0.7183564472793187,1.0
burial_strength,1.0,wood_none,0.879186962317055,0.5310934090842845,0.7042378339729115,0.9863167991043246,1.0,0.40396620560677354,1.0
k_teredo_high,0.1,wood_high,0.7399559677066403,0.6582192372414987,0.6950148064094366,0.8133962399127568,0.8903690819731541,0.6154448458007202,0.9320061529271827
k_teredo_high,0.2,wood_high,0.8273042107199867,0.771237095834793,0.7993706095742656,0.8657102831151924,0.9193295897425544,0.7485883260570443,0.9496892051131819
k_teredo_high,0.5,wood_high,1.0,1.0,1.0,1.0,1.0,1.0,1.0
k_teredo_high,1.0,wood_high,1.1767827256584464,1.1160597320996848,1.154125728548488,1.1996800417516136,1.2429244090193692,1.0759960035374418,1.2493593527668807
