"Age","Raw_GAM","Monotonic_GAM","ExpectedClass"
0,1.25426090985969,1.25426090985969,1.25426090985969
1,1.26387333425928,1.26387333425928,1.26387333425928
2,1.27377513235676,1.27377513235676,1.27377513235676
3,1.28396985543419,1.28396985543419,1.28396985543419
4,1.29446075533024,1.29446075533024,1.29446075533024
5,1.30525076519992,1.30525076519992,1.30525076519992
6,1.31634248105895,1.31634248105895,1.31634248105895
7,1.32773814429664,1.32773814429664,1.32773814429664
8,1.33943962534305,1.33943962534305,1.33943962534305
9,1.35144840867599,1.35144840867599,1.35144840867599
10,1.36376557934939,1.36376557934939,1.36376557934939
11,1.37639181121889,1.37639181121889,1.37639181121889
12,1.38932735703054,1.38932735703054,1.38932735703054
13,1.40257204052626,1.40257204052626,1.40257204052626
14,1.41612525070365,1.41612525070365,1.41612525070365
15,1.42998593834868,1.42998593834868,1.42998593834868
16,1.44415261493771,1.44415261493771,1.44415261493771
17,1.45862321988115,1.45862321988115,1.45862321988115
18,1.47339470001535,1.47339470001535,1.47339470001535
19,1.48846338040772,1.48846338040772,1.48846338040772
20,1.50382500195681,1.50382500195681,1.50382500195681
21,1.51947432422739,1.51947432422739,1.51947432422739
22,1.53540505591179,1.53540505591179,1.53540505591179
23,1.55160990399838,1.55160990399838,1.55160990399838
24,1.56808069098998,1.56808069098998,1.56808069098998
25,1.58480865221079,1.58480865221079,1.58480865221079
26,1.60178449921246,1.60178449921246,1.60178449921246
27,1.61899831530289,1.61899831530289,1.61899831530289
28,1.63643961430573,1.63643961430573,1.63643961430573
29,1.65409748356206,1.65409748356206,1.65409748356206
30,1.67196063272039,1.67196063272039,1.67196063272039
31,1.69001745229768,1.69001745229768,1.69001745229768
32,1.70825606157617,1.70825606157617,1.70825606157617
33,1.72666435035934,1.72666435035934,1.72666435035934
34,1.74523001981467,1.74523001981467,1.74523001981467
35,1.76394062199471,1.76394062199471,1.76394062199471
36,1.78278359767688,1.78278359767688,1.78278359767688
37,1.80174631221591,1.80174631221591,1.80174631221591
38,1.82081608916207,1.82081608916207,1.82081608916207
39,1.83998024145956,1.83998024145956,1.83998024145956
40,1.85922610010143,1.85922610010143,1.85922610010143
41,1.8785410401786,1.8785410401786,1.8785410401786
42,1.89791250431829,1.89791250431829,1.89791250431829
43,1.91732802356085,1.91732802356085,1.91732802356085
44,1.93677523577174,1.93677523577174,1.93677523577174
45,1.9562420047956,1.9562420047956,1.9562420047956
46,1.97571685409568,1.97571685409568,1.97571685409568
47,1.99518910653011,1.99518910653011,1.99518910653011
48,2.01464880869942,2.01464880869942,2.01464880869942
49,2.03408631487941,2.03408631487941,2.03408631487941
50,2.05349229297181,2.05349229297181,2.05349229297181
51,2.07285806132522,2.07285806132522,2.07285806132522
52,2.09217526254881,2.09217526254881,2.09217526254881
53,2.11143575187905,2.11143575187905,2.11143575187905
54,2.13063159503548,2.13063159503548,2.13063159503548
55,2.14975506600051,2.14975506600051,2.14975506600051
56,2.16879864483142,2.16879864483142,2.16879864483142
57,2.18775511544945,2.18775511544945,2.18775511544945
58,2.20661796169513,2.20661796169513,2.20661796169513
59,2.2253813598385,2.2253813598385,2.2253813598385
60,2.24403978905116,2.24403978905116,2.24403978905116
61,2.26258793156922,2.26258793156922,2.26258793156922
62,2.28102066926374,2.28102066926374,2.28102066926374
63,2.29933308051666,2.29933308051666,2.29933308051666
64,2.31752043735839,2.31752043735839,2.31752043735839
65,2.33557820281653,2.33557820281653,2.33557820281653
66,2.35350202842046,2.35350202842046,2.35350202842046
67,2.37128780442987,2.37128780442987,2.37128780442987
68,2.38893186218365,2.38893186218365,2.38893186218365
69,2.40643099470196,2.40643099470196,2.40643099470196
70,2.42378238298878,2.42378238298878,2.42378238298878
71,2.44098342359214,2.44098342359214,2.44098342359214
72,2.45803170639535,2.45803170639535,2.45803170639535
73,2.4749250776627,2.4749250776627,2.4749250776627
74,2.49166157880041,2.49166157880041,2.49166157880041
75,2.50823945012198,2.50823945012198,2.50823945012198
76,2.52465709557162,2.52465709557162,2.52465709557162
77,2.54091306038738,2.54091306038738,2.54091306038738
78,2.55700600413606,2.55700600413606,2.55700600413606
79,2.5729346996789,2.5729346996789,2.5729346996789
80,2.58869798063959,2.58869798063959,2.58869798063959
81,2.6042947632364,2.6042947632364,2.6042947632364
82,2.61972397442255,2.61972397442255,2.61972397442255
83,2.6349846328384,2.6349846328384,2.6349846328384
84,2.65007587225849,2.65007587225849,2.65007587225849
85,2.66499693641982,2.66499693641982,2.66499693641982
86,2.67974717383201,2.67974717383201,2.67974717383201
87,2.69432603259648,2.69432603259648,2.69432603259648
88,2.70873305526178,2.70873305526178,2.70873305526178
89,2.72296781627527,2.72296781627527,2.72296781627527
90,2.73702974559184,2.73702974559184,2.73702974559184
91,2.75091829802687,2.75091829802687,2.75091829802687
92,2.76463300639066,2.76463300639066,2.76463300639066
93,2.77817347704513,2.77817347704513,2.77817347704513
94,2.79153938560766,2.79153938560766,2.79153938560766
95,2.80473047281843,2.80473047281843,2.80473047281843
96,2.81774654058502,2.81774654058502,2.81774654058502
97,2.83058738630045,2.83058738630045,2.83058738630045
98,2.84325255436393,2.84325255436393,2.84325255436393
99,2.85574128229158,2.85574128229158,2.85574128229158
100,2.86805251317958,2.86805251317958,2.86805251317958
101,2.88018491122455,2.88018491122455,2.88018491122455
102,2.89213693002029,2.89213693002029,2.89213693002029
103,2.90390702824188,2.90390702824188,2.90390702824188
104,2.91549367924376,2.91549367924376,2.91549367924376
105,2.92689524467022,2.92689524467022,2.92689524467022
106,2.93811009964887,2.93811009964887,2.93811009964887
107,2.94913667310957,2.94913667310957,2.94913667310957
108,2.95997344616201,2.95997344616201,2.95997344616201
109,2.97061895054507,2.97061895054507,2.97061895054507
110,2.9810717671349,2.9810717671349,2.9810717671349
111,2.99133052449808,2.99133052449808,2.99133052449808
112,3.00139389747521,3.00139389747521,3.00139389747521
113,3.01126060577957,3.01126060577957,3.01126060577957
114,3.02092941259569,3.02092941259569,3.02092941259569
115,3.03039912316217,3.03039912316217,3.03039912316217
116,3.03966858332386,3.03966858332386,3.03966858332386
117,3.04873672169412,3.04873672169412,3.04873672169412
118,3.05760267804627,3.05760267804627,3.05760267804627
119,3.06626566895332,3.06626566895332,3.06626566895332
120,3.07472494221832,3.07472494221832,3.07472494221832
121,3.08297977513717,3.08297977513717,3.08297977513717
122,3.09102947267219,3.09102947267219,3.09102947267219
123,3.09887336552884,3.09887336552884,3.09887336552884
124,3.10651080812921,3.10651080812921,3.10651080812921
125,3.11394117647755,3.11394117647755,3.11394117647755
126,3.12116386591431,3.12116386591431,3.12275760907961
127,3.12817841944856,3.12817841944856,3.13148631671155
128,3.13498505413736,3.13498505413736,3.14012817225139
129,3.14158467747422,3.14158467747422,3.1486840398919
130,3.1479783297669,3.1479783297669,3.15715477522696
131,3.15416704180156,3.15416704180156,3.16554122533717
132,3.16015183286795,3.16015183286795,3.17384422887453
133,3.1659337087707,3.1659337087707,3.18206461614631
134,3.171513659831,3.171513659831,3.1902032091981
135,3.17689265888342,3.17689265888342,3.19826082189597
136,3.18207165927291,3.18207165927291,3.20623826000791
137,3.18705180966927,3.18705180966927,3.21413632128438
138,3.19183509868082,3.19183509868082,3.22195579553809
139,3.19642369613684,3.19642369613684,3.22969746472298
140,3.2008197342412,3.2008197342412,3.23736210301242
141,3.20502530661041,3.20502530661041,3.24495047687664
142,3.20904246738363,3.20904246738363,3.25246334515932
143,3.2128732304064,3.2128732304064,3.25990145915358
144,3.21651956848917,3.21651956848917,3.267265562677
145,3.21998341274181,3.21998341274181,3.27455639214607
146,3.22326665198462,3.22326665198462,3.28177467664982
147,3.22637113223628,3.22637113223628,3.28892113802272
148,3.22929865627868,3.22929865627868,3.29599649091684
149,3.23205098329864,3.23205098329864,3.30300144287339
150,3.23462982860572,3.23462982860572,3.30993669439339
151,3.23703686342577,3.23703686342577,3.31680293900777
152,3.239273714769,3.239273714769,3.32360086334672
153,3.24134196537161,3.24134196537161,3.33033114720834
154,3.24324315370966,3.24324315370966,3.33699446362662
155,3.24497877408365,3.24497877408365,3.34359147893876
156,3.24655027677226,3.24655027677226,3.35012285285178
157,3.24795906825354,3.24795906825354,3.35658923850852
158,3.24920651149173,3.24920651149173,3.36299128255294
159,3.25029392628765,3.25029392628765,3.36932962519477
160,3.25122258969096,3.25122258969096,3.37560490027355
161,3.25199373647188,3.25199373647188,3.38181773532204
162,3.25260855965059,3.25260855965059,3.3879687516289
163,3.2530682110819,3.2530682110819,3.3940585643009
164,3.2533738020932,3.2533738020932,3.40008778232437
165,3.25352640417339,3.25352640417339,3.40605700862615
166,3.25352704971061,3.25352704971061,3.41196684013383
167,3.25337707035411,3.25352704971061,3.4178178678355
168,3.25307911102033,3.25352704971061,3.4236106768388
169,3.2526361195453,3.25352704971061,3.42934584642946
170,3.25205101165484,3.25352704971061,3.43502395012922
171,3.25132667346801,3.25352704971061,3.44064555575317
172,3.25046596397797,3.25352704971061,3.44621122546657
173,3.24947171750461,3.25352704971061,3.45172151584102
174,3.24834674611381,3.25352704971061,3.45717697791016
175,3.24709384199835,3.25352704971061,3.46257815722473
176,3.24571577981573,3.25352704971061,3.46792559390717
177,3.24421531897877,3.25352704971061,3.47321982270561
178,3.24259520589474,3.25352704971061,3.47846137304733
179,3.24085817614957,3.25352704971061,3.48365076909174
180,3.23900695663349,3.25352704971061,3.48878852978277
181,3.23704426760513,3.25352704971061,3.49387516890076
182,3.23497282469117,3.25352704971061,3.49891119511387
183,3.23279534081905,3.25352704971061,3.50389711202892
184,3.23051452808043,3.25352704971061,3.50883341824175
185,3.22813309952343,3.25352704971061,3.5137206073871
186,3.22565377087185,3.25352704971061,3.51855916818795
187,3.22307926217013,3.25352704971061,3.52334958450442
188,3.2204122993525,3.25352704971061,3.52809233538213
189,3.21765561573572,3.25352704971061,3.53278789510012
190,3.21481195343444,3.25352704971061,3.53743673321827
191,3.21188406469889,3.25352704971061,3.54203931462428
192,3.20887471317451,3.25352704971061,3.54659609958011
193,3.20578667508366,3.25352704971061,3.55110754376806
194,3.20262274032946,3.25352704971061,3.55557409833632
195,3.1993857135223,3.25352704971061,3.55999620994405
196,3.19607841492947,3.25352704971061,3.5643743208061
197,3.19270368134887,3.25352704971061,3.56870886873721
198,3.18926436690763,3.25352704971061,3.57300028719578
199,3.18576334378678,3.25352704971061,3.57724900532724
200,3.18220350287335,3.25352704971061,3.58145544800694
201,3.17858775434116,3.25352704971061,3.58562003588265
202,3.17491902816207,3.25352704971061,3.58974318541663
203,3.17120027454912,3.25352704971061,3.59382530892727
204,3.16743446433354,3.25352704971061,3.59786681463033
205,3.16362458927739,3.25352704971061,3.60186810667973
206,3.15977366232378,3.25352704971061,3.60582958520803
207,3.15588471778678,3.25352704971061,3.60975164636637
208,3.151960811483,3.25352704971061,3.61363468236414
209,3.14800502080696,3.25352704971061,3.61747908150817
210,3.14402044475251,3.25352704971061,3.62128522824158
211,3.14001020388234,3.25352704971061,3.62505350318223
212,3.13597744024779,3.25352704971061,3.62878428316073
213,3.13192531726115,3.25352704971061,3.6324779412582
214,3.12785701952271,3.25352704971061,3.63613484684353
215,3.1237757526044,3.25352704971061,3.63975536561032
216,3.11968474279251,3.25352704971061,3.64333985961347
217,3.1155867006099,3.25352704971061,3.64688868730536
218,3.11148220521564,3.25352704971061,3.65040220357172
219,3.10737130098879,3.25352704971061,3.65388075976711
220,3.10325403201128,3.25352704971061,3.65732470375004
221,3.09913044206841,3.25352704971061,3.66073437991778
222,3.09500057464975,3.25352704971061,3.66411012924079
223,3.09086447295021,3.25352704971061,3.66745228929681
224,3.08672217987135,3.25352704971061,3.67076119430464
225,3.08257373802297,3.25352704971061,3.67403717515754
226,3.07841918972483,3.25352704971061,3.67728055945631
227,3.07425857700875,3.25352704971061,3.68049167154209
228,3.0700919416208,3.25352704971061,3.68367083252878
229,3.06591932502378,3.25352704971061,3.6868183603351
230,3.06174076839995,3.25352704971061,3.68993456971648
231,3.05755631265388,3.25352704971061,3.69301977229643
232,3.05336599841561,3.25352704971061,3.6960742765978
233,3.04916986604398,3.25352704971061,3.69909838807356
234,3.04496795563015,3.25352704971061,3.70209240913737
235,3.04076030700134,3.25352704971061,3.70505663919384
236,3.03654695972481,3.25352704971061,3.70799137466844
237,3.03232795311194,3.25352704971061,3.71089690903716
238,3.02810332622255,3.25352704971061,3.71377353285587
239,3.02387311786945,3.25352704971061,3.71662153378935
240,3.0196373666231,3.25352704971061,3.71944119664005
241,3.01539611081646,3.25352704971061,3.72223280337661
242,3.01114938855002,3.25352704971061,3.72499663316204
243,3.00689723769702,3.25352704971061,3.72773296238162
244,3.00263969590879,3.25352704971061,3.73044206467054
245,2.99837680062025,3.25352704971061,3.7331242109413
246,2.9941085890556,3.25352704971061,3.73577966941076
247,2.98983509823409,3.25352704971061,3.73840870562697
248,2.98555636497601,3.25352704971061,3.74101158249575
249,2.9812724259087,3.25352704971061,3.74358856030696
250,2.97698331747285,3.25352704971061,3.74613989676052
251,2.97268907592873,3.25352704971061,3.74866584699221
252,2.96838973736271,3.25352704971061,3.75116666359915
253,2.96408533769378,3.25352704971061,3.75364259666508
254,2.95977591268021,3.25352704971061,3.75609389378539
255,2.95546149792633,3.25352704971061,3.75852080009182
256,2.95114212888938,3.25352704971061,3.76092355827702
257,2.94681784088643,3.25352704971061,3.76330240861882
258,2.94248866910143,3.25352704971061,3.76565758900424
259,2.9381546485923,3.25352704971061,3.76798933495327
260,2.93381581429805,3.25352704971061,3.77029787964245
261,2.92947220104613,3.25352704971061,3.77258345392817
262,2.92512384355957,3.25352704971061,3.77484628636978
263,2.92077077646444,3.25352704971061,3.77708660325239
264,2.91641303429717,3.25352704971061,3.77930462860957
265,2.91205065151198,3.25352704971061,3.78150058424569
266,2.90768366248836,3.25352704971061,3.78367468975816
267,2.90331210153854,3.25352704971061,3.78582716255933
268,2.89893600291499,3.25352704971061,3.78795821789827
269,2.89455540081794,3.25352704971061,3.79006806888231
270,2.89017032940294,3.25352704971061,3.79215692649829
271,2.88578082278832,3.25352704971061,3.79422499963371
272,2.88138691506282,3.25352704971061,3.79627249509762
273,2.876988640293,3.25352704971061,3.79829961764127
274,2.87258603253085,3.25352704971061,3.80030656997859
275,2.86817912582119,3.25352704971061,3.80229355280651
276,2.86376795420919,3.25352704971061,3.80426076482494
277,2.85935255174776,3.25352704971061,3.80620840275675
278,2.85493295250498,3.25352704971061,3.80813666136733
279,2.85050919057139,3.25352704971061,3.81004573348416
280,2.84608130006736,3.25352704971061,3.81193581001605
281,2.84164931515028,3.25352704971061,3.81380707997222
282,2.83721327002179,3.25352704971061,3.81565973048122
283,2.83277319893487,3.25352704971061,3.81749394680966
284,2.82832913620094,3.25352704971061,3.81930991238069
285,2.82388111619679,3.25352704971061,3.82110780879238
286,2.81942917337153,3.25352704971061,3.82288781583587
287,2.81497334225339,3.25352704971061,3.82465011151335
288,2.81051365745645,3.25352704971061,3.82639487205586
289,2.80605015368729,3.25352704971061,3.8281222719409
290,2.80158286575151,3.25352704971061,3.8298324839099
291,2.79711182856024,3.25352704971061,3.83152567898549
292,2.79263707713636,3.25352704971061,3.83320202648858
293,2.78815864662087,3.25352704971061,3.83486169405532
294,2.78367657227888,3.25352704971061,3.83650484765385
295,2.77919088950566,3.25352704971061,3.8381316516009
296,2.77470163383253,3.25352704971061,3.83974226857822
297,2.77020884093259,3.25352704971061,3.84133685964885
298,2.76571254662635,3.25352704971061,3.84291558427322
299,2.76121278688722,3.25352704971061,3.84447860032511
300,2.75670959784687,3.25352704971061,3.84602606410744
