Obs,chronological_age,log_CR_physics,log_CR_bio
1,73.0,-3.0192519164373346,-6.478452501352008
2,216.0,-3.0765251907877373,-6.54924769241379
3,67.0,-2.5919319565403276,-6.372633306532198
1,99.0,-2.307981110187644,-6.179355765368689
3,99.0,-3.1269311615098374,-6.852806207787356
4,99.0,-3.1448043621508934,-6.958236963571518
4,99.0,-3.1975922689062686,-6.94486389508707
4,99.0,-3.2528317804014804,-6.833013314336229
4,99.0,-3.107829947056434,-6.8550293139781955
2,99.0,-2.93248413161071,-6.6713422272907295
1,99.0,-2.6377222599334322,-6.311108810991583
4,99.0,-2.8714544899771353,-6.757640596740818
3,99.0,-2.8212469509282325,-6.74778945271463
3,99.0,-3.011038018266166,-6.746280401273215
3,99.0,-2.890946797184913,-6.410795398161817
3,99.0,-2.91930869015328,-6.584288931571338
2,99.0,-2.935763084542423,-6.583077804308252
4,99.0,-2.830958683061037,-6.519302416318795
2,99.0,-2.830958683061037,-6.519302416318795
2,99.0,-2.8618537935414055,-6.519859867164112
2,99.0,-2.8618537935414055,-6.519859867164112
3,99.0,-2.9575234462013347,-6.785976006258975
4,99.0,-2.9579233454440255,-6.786307181319889
2,97.0,-3.0090321341072994,-6.591099368033147
3,44.0,-2.9591014217543132,-6.541110949411845
1,99.0,-2.9820646762120324,-6.564120949999866
4,99.0,-2.8035950035685264,-6.614555843913312
4,80.0,-2.839826040128611,-6.6650968487432145
3,100.0,-2.821135588857788,-6.646240905422603
4,99.0,-2.7544596088432995,-6.537078528959097
4,99.0,-2.7544596088432995,-6.537078528959097
1,98.0,-2.7544596088432995,-6.537078528959097
4,99.0,-2.83119873592599,-6.62372406262768
3,99.0,-2.848228650666652,-6.529855491077449
1,97.0,-3.139299855936349,-6.929619665942836
2,88.0,-2.9006544457766688,-6.6577470058017125
2,56.0,-2.911859549935549,-6.196289121040849
1,46.0,-3.167911238084473,-6.5006091194167
3,116.0,-3.2403823728700676,-6.648807529503485
3,66.0,-3.1586222926914034,-6.799065625887281
2,76.0,-2.9831138152135876,-6.450803669188976
2,66.0,-3.19393995819372,-6.792119685838726
2,66.0,-3.1835787613056246,-6.715713433355313
4,116.0,-3.4459320664459554,-6.762987108947036
3,116.0,-3.4609374064322713,-6.761622728823692
1,66.0,-3.4118627503023466,-6.8049647719310515
1,100.0,-3.0107628461010525,-6.632397393831967
3,116.0,-3.0002481237118332,-6.621881250065275
4,66.0,-2.6489449596475096,-6.459957989513929
4,116.0,-2.539826326391409,-6.1953439005577
2,49.0,-2.4056611288010634,-6.183287308746423
2,66.0,-2.4056611288010634,-6.183287308746423
2,76.0,-2.4002223474207116,-6.268962439286363
1,22.0,-2.4870894697183346,-6.299140099576295
3,45.0,-2.507220873872549,-6.399967088532279
3,76.0,-2.394787329679083,-6.309816785407138
2,76.0,-2.526577408729172,-5.968850286108648
1,76.0,-2.5951421931267564,-6.234521385217558
3,116.0,-2.906523165202116,-6.553853403947939
4,76.0,-2.559417479812293,-6.39185507099724
2,76.0,-2.9350914705120448,-6.6081523735959005
2,46.0,-2.8672344782219663,-6.614801315232171
3,103.0,-2.7517227344129123,-6.280159819309904
4,136.0,-2.85646966837861,-6.627641032472344
2,136.0,-2.924435310839252,-6.668703042830948
3,76.0,-2.924435310839252,-6.668703042830948
2,76.0,-2.9271776088238606,-6.757299550913747
1,20.0,-2.8406859981314305,-6.61374584511391
1,26.0,-2.9722725773140026,-6.742278054796794
2,116.0,-2.9604219410768438,-6.73032363352872
4,166.0,-2.889569086361814,-6.741370010421086
1,76.0,-2.9697898001462275,-6.723902545900971
4,57.0,-2.8474646103784926,-6.629713384455324
4,136.0,-2.8313189376728083,-6.613703247176651
3,76.0,-2.823738952551966,-6.630643042810425
3,166.0,-2.803197809497694,-6.638248260626852
2,126.0,-2.9396296268635753,-6.748003085842394
2,46.0,-2.9235790416827996,-6.731849400698663
2,46.0,-2.8560634155896967,-6.689418277301414
3,96.0,-2.7657555408190606,-6.534840300832911
1,76.0,-2.6279111249701455,-6.46367752883825
3,76.0,-2.7666021824501255,-6.5644291425593275
2,66.0,-2.888087114570886,-6.542930928359017
3,76.0,-2.7666021824501255,-6.5644291425593275
3,78.0,-2.665797768298259,-6.4552214955137455
3,76.0,-2.7666021824501255,-6.5644291425593275
3,100.0,-2.877470794740298,-6.659090556770378
2,76.0,-2.8827424733641642,-6.692252842797621
2,76.0,-2.7771451120398,-6.598340181610099
3,116.0,-2.7771451120398,-6.598340181610099
4,116.0,-2.802087069170917,-6.537090378844342
3,116.0,-2.8037915359680423,-6.581590310126602
3,73.0,-2.86114588148845,-6.6822635830290205
1,76.0,-2.7497318133239026,-6.576714354997847
3,116.0,-2.860082954046168,-6.652345558991571
3,136.0,-2.8647485322966793,-6.721100356669989
4,100.0,-2.873217736842194,-6.593844723391397
3,116.0,-2.7959066911718518,-6.469718871959637
3,116.0,-2.696628098711641,-6.468417614956422
4,136.0,-2.938649806053772,-6.751608189144578
2,66.0,-2.9921151329319824,-6.77397637028702
4,127.0,-2.9665826434078006,-6.750091624512609
2,28.0,-2.8565459276462333,-6.670488636677014
3,76.0,-2.9006544457766688,-6.6577470058017125
3,68.0,-2.713928651837121,-6.578707061619776
3,66.0,-2.709388784532308,-6.322566599058451
3,66.0,-2.709388784532308,-6.322566599058451
4,76.0,-2.6088996444899015,-6.212606980910364
2,46.0,-2.5983162519610166,-6.210858263283541
1,19.0,-2.8068974170745595,-6.638757574972787
1,46.0,-2.8761491304877307,-6.658833496191139
1,16.0,-2.8761491304877307,-6.658833496191139
1,21.0,-2.842035129639804,-6.6413641612180045
3,76.0,-2.889666407074814,-6.695145918113852
2,25.0,-2.7353129104184806,-6.577301802918179
2,71.0,-2.6926064025740875,-6.575802335101272
4,116.0,-2.84765535401296,-6.633338742566754
3,116.0,-2.874185835712386,-6.651735613200384
3,116.0,-2.812708575486662,-6.590367269693018
3,46.0,-2.3528660639985057,-6.180705322008388
3,99.0,-2.606761496388882,-6.374449752755354
4,16.0,-2.7278171992241615,-6.494852896596494
3,116.0,-2.798428838078405,-6.562766566232975
4,100.0,-2.9173723382104573,-6.661690447587443
